<?xml version="1.0"?>
<ruleset xmlns:xsi="http://www.w3.org/2001/XMLSchema-instance"
    xsi:noNamespaceSchemaLocation="https://raw.githubusercontent.com/squizlabs/PHP_CodeSniffer/master/phpcs.xsd"
    name="moodle"
    namespace="MoodleCodeSniffer\moodle">

    <description>The Moodle PHP CodeSniffer coding style standard</description>

    <arg name="extensions" value="php" />
    <arg name="encoding" value="utf-8" />

    <rule ref="Generic.Classes.DuplicateClassName"/>

    <rule ref="Generic.CodeAnalysis.UnnecessaryFinalModifier"/>
    <rule ref="Generic.CodeAnalysis.UselessOverridingMethod"/>

    <rule ref="Generic.ControlStructures.InlineControlStructure"/>

    <rule ref="Generic.Files.LineEndings"/>

    <rule ref="Generic.Functions.CallTimePassByReference"/>
    <rule ref="Generic.Functions.OpeningFunctionBraceKernighanRitchie"/>

    <rule ref="Generic.NamingConventions.ConstructorName"/>
    <rule ref="Generic.NamingConventions.UpperCaseConstantName"/>

    <rule ref="Generic.PHP.DeprecatedFunctions"/>
    <rule ref="Generic.PHP.DisallowShortOpenTag"/>
    <rule ref="Generic.PHP.LowerCaseConstant"/>

    <rule ref="Generic.WhiteSpace.ScopeIndent">
        <properties>
            <property name="ignoreIndentationTokens" type="array"
                value="T_CLOSE_TAG"/>
        </properties>
    </rule>
    <rule ref="Generic.WhiteSpace.DisallowTabIndent"/>

    <rule ref="Squiz.Classes.DuplicateProperty"/>
    <rule ref="Squiz.Classes.LowercaseClassKeywords"/>
    <rule ref="Squiz.Classes.SelfMemberReference"/>

    <rule ref="Generic.CodeAnalysis.EmptyStatement"/>

    <rule ref="Squiz.Commenting.DocCommentAlignment"/>
    <rule ref="Squiz.Commenting.EmptyCatchComment"/>

    <rule ref="Squiz.ControlStructures.ElseIfDeclaration"/>
    <rule ref="Squiz.ControlStructures.ForEachLoopDeclaration"/>
    <rule ref="Squiz.ControlStructures.ForLoopDeclaration"/>
    <rule ref="Squiz.ControlStructures.LowercaseDeclaration"/>

    <rule ref="Squiz.Functions.LowercaseFunctionKeywords"/>

    <rule ref="Squiz.PHP.LowercasePHPFunctions"/>
    <rule ref="Squiz.PHP.CommentedOutCode">
        <properties>
            <property name="maxPercentage" value="40"/>
        </properties>
    </rule>

    <rule ref="Squiz.Scope.MethodScope"/>
    <rule ref="Squiz.Scope.StaticThisUsage"/>

    <rule ref="Squiz.WhiteSpace.OperatorSpacing">
        <properties>
            <property name="ignoreNewlines" value="true"/>
        </properties>
    </rule>
    <rule ref="Squiz.WhiteSpace.ObjectOperatorSpacing">
        <properties>
            <property name="ignoreNewlines" value="true"/>
        </properties>
    </rule>
    <rule ref="PEAR.WhiteSpace.ObjectOperatorIndent"/>
    <rule ref="Squiz.WhiteSpace.ScopeClosingBrace"/>
    <rule ref="Squiz.WhiteSpace.ScopeKeywordSpacing"/>
    <rule ref="Squiz.WhiteSpace.SemicolonSpacing"/>
    <rule ref="Squiz.WhiteSpace.SuperfluousWhitespace"/>

    <rule ref="Zend.Files.ClosingTag"/>

    <!-- Disable this exact error unless it's approved -->
    <rule ref="moodle.Commenting.InlineComment.SpacingAfter">
        <severity>0</severity>
    </rule>

    <!-- Let's add the complete PHPCompatibility standard -->
    <rule ref="PHPCompatibility" />

</ruleset>
